{
  "name": "can_app_component",
  "type": "HOST",
  "platform": "C:\\Users\\naoyo\\zynq7000_can\\project_can\\can_platform\\export\\can_platform\\can_platform.xpfm",
  "domain": "standalone_ps7_cortexa9_0",
  "cpuInstance": "ps7_cortexa9_0",
  "cpuType": "cortex-a9",
  "os": "standalone",
  "configuration": {
    "componentType": "HOST",
    "hostToolchainConfigurations": []
  },
  "domainRealName": "standalone_ps7_cortexa9_0",
  "applicationFlow": "EMBEDDED",
  "previousBuildStatusMap": {
    "hw": "NEW"
  }
}